{"search":"","showTags":true,"showAttachments":true,"hideUnresolved":true,"showOrphans":true,"showArrow":false,"textFadeMultiplier":-0.9,"nodeSizeMultiplier":1.43052434456929,"lineSizeMultiplier":1.9810861423221,"centerStrength":0.548379114080673,"repelStrength":17.3818361791636,"linkStrength":0.861172976985895,"linkDistance":297,"scale":0.09171034383866948}